[
    {
        "info": {
            "title": "Dolphin Command",
            "description": "",
            "thumbnail": ""
        },
        "blocks": [
            {
                "name": "text",
                "info": {
                    "x": 887,
                    "y": 455,
                    "z": 2,
                    "color": "#5a5a5a",
                    "height": 120,
                    "width": 296
                },
                "options": {
                    "text": "https://images.pexels.com/photos/64219/dolphin-marine-mammals-water-sea-64219.jpeg?cs=srgb&dl=pexels-pixabay-64219.jpg&fm=jpg"
                },
                "outputs": {
                    "text": [
                        "hzYlZYIEo7"
                    ]
                },
                "inputs": {}
            },
            {
                "name": "command_event",
                "info": {
                    "x": 59,
                    "y": 137,
                    "z": 4,
                    "color": "#5a5a5a",
                    "height": 269.5,
                    "width": 759
                },
                "inputs": {
                    "command_name": "V3m5qTO5De",
                    "custom_prefix": "6YLNE756zD",
                    "command_slowmode": "EIkuEMHk41"
                },
                "options": {
                    "command_restriction": "server_only",
                    "required_member_permission": "none",
                    "case_sensitive": "no",
                    "command_slowmode_restriction": "channel"
                },
                "outputs": {
                    "action1": [
                        "OiaiyIxCUZ"
                    ],
                    "action2": [],
                    "message": [],
                    "channel": [
                        "ZDwm8AuZap",
                        "r5RK7zEvfP"
                    ],
                    "user": [],
                    "error_message": []
                }
            },
            {
                "name": "text",
                "info": {
                    "x": 59,
                    "y": 0,
                    "z": 5,
                    "color": "#5a5a5a",
                    "height": 120,
                    "width": 296
                },
                "options": {
                    "text": "dolphin"
                },
                "outputs": {
                    "text": [
                        "V3m5qTO5De"
                    ]
                },
                "inputs": {}
            },
            {
                "name": "send_message",
                "info": {
                    "x": 1281,
                    "y": 431,
                    "z": 6,
                    "color": "#5a5a5a",
                    "height": 240.5,
                    "width": 280
                },
                "inputs": {
                    "action": "OiaiyIxCUZ",
                    "channel": "ZDwm8AuZap",
                    "text": "hzYlZYIEo7",
                    "embed": "cqqGRsA9EI",
                    "attachment": "j3evZyuzni",
                    "split_message": "qHgbV2M9lh"
                },
                "outputs": {
                    "action": [
                        "XzgvRHy1LD"
                    ],
                    "message": []
                },
                "options": {}
            },
            {
                "name": "send_message",
                "info": {
                    "x": 1731,
                    "y": 705,
                    "z": 7,
                    "color": "#5a5a5a",
                    "height": 240.5,
                    "width": 280
                },
                "inputs": {
                    "action": "XzgvRHy1LD",
                    "channel": "r5RK7zEvfP",
                    "text": "QeQaPXxnHM",
                    "embed": "UoSUBYRltd",
                    "attachment": "sCnmz9SAn6",
                    "split_message": "Uqk35KBFey"
                },
                "outputs": {
                    "action": [],
                    "message": []
                },
                "options": {}
            },
            {
                "name": "text",
                "info": {
                    "x": 1330,
                    "y": 730,
                    "z": 8,
                    "color": "#5a5a5a",
                    "height": 120,
                    "width": 296
                },
                "options": {
                    "text": "Cute"
                },
                "outputs": {
                    "text": [
                        "QeQaPXxnHM"
                    ]
                },
                "inputs": {}
            }
        ],
        "notes": []
    },
    {
        "info": {
            "title": "Unban Command",
            "description": "",
            "thumbnail": ""
        },
        "blocks": [
            {
                "name": "unban_user",
                "info": {
                    "x": 2213,
                    "y": 563,
                    "z": 1,
                    "color": "#5a5a5a",
                    "height": 177.5,
                    "width": 216
                },
                "inputs": {
                    "action": "7oambwSASD",
                    "server": "XoolJfY9j7",
                    "user": "HK5qmK4PfO",
                    "reason": "PzcaX4ZiNs"
                },
                "outputs": {
                    "action": [
                        "CeBR8EmC8f"
                    ]
                },
                "options": {}
            },
            {
                "name": "command_event",
                "info": {
                    "x": 766,
                    "y": 563,
                    "z": 2,
                    "color": "#5a5a5a",
                    "height": 269.5,
                    "width": 759
                },
                "inputs": {
                    "command_name": "LlhAGHBwCe",
                    "custom_prefix": "Rn67TezAvy",
                    "command_slowmode": "ydnrfR8HJ2"
                },
                "options": {
                    "command_restriction": "server_only",
                    "required_member_permission": "ban_members",
                    "case_sensitive": "no",
                    "command_slowmode_restriction": "channel"
                },
                "outputs": {
                    "action1": [
                        "ut6UApJGwV"
                    ],
                    "action2": [],
                    "message": [
                        "V0jmlu5IWj",
                        "Cn9PSCCo4t"
                    ],
                    "channel": [
                        "pI0pbsJFa1"
                    ],
                    "user": [],
                    "error_message": []
                }
            },
            {
                "name": "text",
                "info": {
                    "x": 452,
                    "y": 561,
                    "z": 3,
                    "color": "#5a5a5a",
                    "height": 120,
                    "width": 296
                },
                "options": {
                    "text": "unban"
                },
                "outputs": {
                    "text": [
                        "LlhAGHBwCe"
                    ]
                },
                "inputs": {}
            },
            {
                "name": "get_message_info",
                "info": {
                    "x": 1540,
                    "y": 327,
                    "z": 4,
                    "color": "#5a5a5a",
                    "height": 114.5,
                    "width": 653
                },
                "inputs": {
                    "action": "ut6UApJGwV",
                    "message": "V0jmlu5IWj"
                },
                "options": {
                    "message_info": "13"
                },
                "outputs": {
                    "action": [
                        "fsOJ3ni2aC"
                    ],
                    "result": [
                        "XoolJfY9j7"
                    ]
                }
            },
            {
                "name": "get_message_arguments",
                "info": {
                    "x": 1625,
                    "y": 597,
                    "z": 5,
                    "color": "#5a5a5a",
                    "height": 242,
                    "width": 456
                },
                "inputs": {
                    "action": "fsOJ3ni2aC",
                    "message": "Cn9PSCCo4t",
                    "argument_number": "tpJ1g2Hz3v",
                    "custom_argument_separator": "45Z8UUmP72"
                },
                "options": {
                    "argument_type": "one_argument"
                },
                "outputs": {
                    "action": [
                        "7oambwSASD"
                    ],
                    "result": [
                        "HK5qmK4PfO"
                    ]
                }
            },
            {
                "name": "send_message",
                "info": {
                    "x": 2510,
                    "y": 567,
                    "z": 6,
                    "color": "#5a5a5a",
                    "height": 240.5,
                    "width": 280
                },
                "inputs": {
                    "action": "CeBR8EmC8f",
                    "channel": "pI0pbsJFa1",
                    "text": "XliWtHvNNz",
                    "embed": "miDnB3ztK3",
                    "attachment": "5NmJ5bLBF0",
                    "split_message": "sEPrZp6vFF"
                },
                "outputs": {
                    "action": [],
                    "message": []
                },
                "options": {}
            },
            {
                "name": "text",
                "info": {
                    "x": 2114,
                    "y": 903,
                    "z": 7,
                    "color": "#5a5a5a",
                    "height": 120,
                    "width": 296
                },
                "options": {
                    "text": "User Unbanned"
                },
                "outputs": {
                    "text": [
                        "XliWtHvNNz"
                    ]
                },
                "inputs": {}
            }
        ],
        "notes": []
    },
    {
        "info": {
            "title": "Invite Command",
            "description": "",
            "thumbnail": "https://wallpapersafari.com/w/Vfvihk"
        },
        "blocks": [
            {
                "name": "command_event",
                "info": {
                    "x": 516,
                    "y": 90,
                    "z": 1,
                    "color": "#5a5a5a",
                    "height": 269.5,
                    "width": 759
                },
                "inputs": {
                    "command_name": "SlMlfTuDAf",
                    "custom_prefix": "9XEwzZ00vZ",
                    "command_slowmode": "jL1Pdqu3C2"
                },
                "options": {
                    "command_restriction": "server_only",
                    "required_member_permission": "none",
                    "case_sensitive": "no",
                    "command_slowmode_restriction": "channel"
                },
                "outputs": {
                    "action1": [
                        "HBNqEryN9b"
                    ],
                    "action2": [],
                    "message": [],
                    "channel": [
                        "KF12ktha3F"
                    ],
                    "user": [],
                    "error_message": []
                }
            },
            {
                "name": "text",
                "info": {
                    "x": 143,
                    "y": 61,
                    "z": 2,
                    "color": "#5a5a5a",
                    "height": 120,
                    "width": 296
                },
                "options": {
                    "text": "invite"
                },
                "outputs": {
                    "text": [
                        "SlMlfTuDAf"
                    ]
                },
                "inputs": {}
            },
            {
                "name": "send_message",
                "info": {
                    "x": 1407,
                    "y": 429,
                    "z": 3,
                    "color": "#5a5a5a",
                    "height": 240.5,
                    "width": 280
                },
                "inputs": {
                    "action": "HBNqEryN9b",
                    "channel": "KF12ktha3F",
                    "text": "vL8Dg3yzbk",
                    "embed": "DETDjuA9We",
                    "attachment": "zLpjqm1aff",
                    "split_message": "jk6HV6pAzU"
                },
                "outputs": {
                    "action": [],
                    "message": []
                },
                "options": {}
            },
            {
                "name": "text",
                "info": {
                    "x": 1089,
                    "y": 563,
                    "z": 4,
                    "color": "#5a5a5a",
                    "height": 120,
                    "width": 296
                },
                "options": {
                    "text": "Use this link to invite the bot to your server.\n\nhttps://discord.com/oauth2/authorize?client_id=702137209884770365&permissions=2146959103&scope=bot"
                },
                "outputs": {
                    "text": [
                        "vL8Dg3yzbk"
                    ]
                },
                "inputs": {}
            }
        ],
        "notes": []
    },
    {
        "info": {
            "title": "Help Command",
            "description": "",
            "thumbnail": "https://wallpapersafari.com/w/Vfvihk"
        },
        "blocks": [
            {
                "name": "create_embed_message",
                "info": {
                    "x": 550,
                    "y": 489,
                    "z": 1,
                    "color": "#5a5a5a",
                    "height": 525.5,
                    "width": 340
                },
                "inputs": {
                    "action": "W8XgJ2hdc3",
                    "color": "8WCMj6PzY0",
                    "thumbnail": "NeDb2CXfVt",
                    "author_icon": "8zzkzprgGU",
                    "author_name": "a48ZKYpWPk",
                    "author_url": "nMv9yJFjcy",
                    "title": "hnYlxat1fy",
                    "url": "pBcme0a5rs",
                    "description": "BtyBtInKJr",
                    "image": "APWeqmKPcd",
                    "footer_icon": "mTCdGuCyYS",
                    "footer_text": "DJiq7MKV39",
                    "timestamp": "OvjBrmIU0M"
                },
                "outputs": {
                    "action": [
                        "ycIMMBKhwo"
                    ],
                    "message_embed": [
                        "ckVsZQjCRZ"
                    ]
                },
                "options": {}
            },
            {
                "name": "color",
                "info": {
                    "x": 309,
                    "y": 497,
                    "z": 2,
                    "color": "#5a5a5a",
                    "height": 106,
                    "width": 192
                },
                "options": {
                    "color": "#ff0080"
                },
                "outputs": {
                    "color": [
                        "8WCMj6PzY0"
                    ]
                },
                "inputs": {}
            },
            {
                "name": "text",
                "info": {
                    "x": 239,
                    "y": 663,
                    "z": 3,
                    "color": "#5a5a5a",
                    "height": 120,
                    "width": 296
                },
                "options": {
                    "text": "Commands"
                },
                "outputs": {
                    "text": [
                        "hnYlxat1fy"
                    ]
                },
                "inputs": {}
            },
            {
                "name": "text",
                "info": {
                    "x": 240,
                    "y": 804,
                    "z": 4,
                    "color": "#5a5a5a",
                    "height": 120,
                    "width": 296
                },
                "options": {
                    "text": "Bot Prefix : `!`\n\nModeration Commands\n`Kick`\n`Ban`\n`Softban`\n`Unban`\n\nOther Commands\n`invite`"
                },
                "outputs": {
                    "text": [
                        "BtyBtInKJr"
                    ]
                },
                "inputs": {}
            },
            {
                "name": "send_message",
                "info": {
                    "x": 1215,
                    "y": 830,
                    "z": 5,
                    "color": "#5a5a5a",
                    "height": 240.5,
                    "width": 280
                },
                "inputs": {
                    "action": "ycIMMBKhwo",
                    "channel": "pUNnS5UB2a",
                    "text": "YgUmf1J2Aj",
                    "embed": "ckVsZQjCRZ",
                    "attachment": "iRQBvUJJ63",
                    "split_message": "8LBYmjHuTv"
                },
                "outputs": {
                    "action": [],
                    "message": []
                },
                "options": {}
            },
            {
                "name": "command_event",
                "info": {
                    "x": 499,
                    "y": 177,
                    "z": 6,
                    "color": "#5a5a5a",
                    "height": 269.5,
                    "width": 759
                },
                "inputs": {
                    "command_name": "QDueCgQJ4H",
                    "custom_prefix": "jdzDYz7Vrl",
                    "command_slowmode": "Ryq5rHtNiM"
                },
                "options": {
                    "command_restriction": "server_only",
                    "required_member_permission": "none",
                    "case_sensitive": "no",
                    "command_slowmode_restriction": "channel"
                },
                "outputs": {
                    "action1": [
                        "W8XgJ2hdc3"
                    ],
                    "action2": [],
                    "message": [],
                    "channel": [
                        "pUNnS5UB2a"
                    ],
                    "user": [],
                    "error_message": []
                }
            },
            {
                "name": "text",
                "info": {
                    "x": 159,
                    "y": 150,
                    "z": 7,
                    "color": "#5a5a5a",
                    "height": 120,
                    "width": 296
                },
                "options": {
                    "text": "help"
                },
                "outputs": {
                    "text": [
                        "QDueCgQJ4H"
                    ]
                },
                "inputs": {}
            }
        ],
        "notes": []
    },
    {
        "info": {
            "title": "Softban Command",
            "description": "",
            "thumbnail": "https://wallpapersafari.com/w/Vfvihk"
        },
        "blocks": [
            {
                "name": "command_event",
                "info": {
                    "x": 632,
                    "y": 478,
                    "z": 1,
                    "color": "#5a5a5a",
                    "height": 269.5,
                    "width": 759
                },
                "inputs": {
                    "command_name": "s4CB4FDYDR",
                    "custom_prefix": "B0xGs8eQ5d",
                    "command_slowmode": "jUBD0ADjii"
                },
                "options": {
                    "command_restriction": "server_only",
                    "required_member_permission": "ban_members",
                    "case_sensitive": "no",
                    "command_slowmode_restriction": "channel"
                },
                "outputs": {
                    "action1": [
                        "RCZZJvMNs7"
                    ],
                    "action2": [],
                    "message": [
                        "mfQsjHIVKs",
                        "ky5Uca9Rv9"
                    ],
                    "channel": [
                        "s1EXniZlWc"
                    ],
                    "user": [],
                    "error_message": []
                }
            },
            {
                "name": "text",
                "info": {
                    "x": 267,
                    "y": 453,
                    "z": 2,
                    "color": "#5a5a5a",
                    "height": 120,
                    "width": 296
                },
                "options": {
                    "text": "softban"
                },
                "outputs": {
                    "text": [
                        "s4CB4FDYDR"
                    ]
                },
                "inputs": {}
            },
            {
                "name": "get_message_info",
                "info": {
                    "x": 1421,
                    "y": 518,
                    "z": 3,
                    "color": "#5a5a5a",
                    "height": 114.5,
                    "width": 653
                },
                "inputs": {
                    "action": "RCZZJvMNs7",
                    "message": "mfQsjHIVKs"
                },
                "options": {
                    "message_info": "13"
                },
                "outputs": {
                    "action": [
                        "GzXhWvHns8"
                    ],
                    "result": [
                        "hMr6F2ppGX",
                        "Y6HOrR1Nhk"
                    ]
                }
            },
            {
                "name": "ban_user",
                "info": {
                    "x": 2215,
                    "y": 617,
                    "z": 4,
                    "color": "#5a5a5a",
                    "height": 379.5,
                    "width": 275
                },
                "inputs": {
                    "action": "OrHbHA8zqn",
                    "server": "hMr6F2ppGX",
                    "target": "tfSZrTJLhV",
                    "delete_user_message_history": "Vo6OMItUap",
                    "time": "qyDUU201H4",
                    "reason1": "0ZP2Ra8UpM",
                    "reason2": "TflesVTLVo"
                },
                "outputs": {
                    "action": [
                        "kH23DYfomR"
                    ]
                },
                "options": {}
            },
            {
                "name": "get_message_arguments",
                "info": {
                    "x": 1434,
                    "y": 702,
                    "z": 5,
                    "color": "#5a5a5a",
                    "height": 242,
                    "width": 456
                },
                "inputs": {
                    "action": "GzXhWvHns8",
                    "message": "ky5Uca9Rv9",
                    "argument_number": "QPNccLbQ9n",
                    "custom_argument_separator": "ryEmGU3Nhn"
                },
                "options": {
                    "argument_type": "mentioned_member"
                },
                "outputs": {
                    "action": [
                        "OrHbHA8zqn"
                    ],
                    "result": [
                        "tfSZrTJLhV",
                        "EEHM7JXrV8"
                    ]
                }
            },
            {
                "name": "unban_user",
                "info": {
                    "x": 2717,
                    "y": 628,
                    "z": 6,
                    "color": "#5a5a5a",
                    "height": 177.5,
                    "width": 216
                },
                "inputs": {
                    "action": "kH23DYfomR",
                    "server": "Y6HOrR1Nhk",
                    "user": "EEHM7JXrV8",
                    "reason": "8wqdisQ3jl"
                },
                "outputs": {
                    "action": [
                        "NllrADB26v"
                    ]
                },
                "options": {}
            },
            {
                "name": "send_message",
                "info": {
                    "x": 3043,
                    "y": 722,
                    "z": 7,
                    "color": "#5a5a5a",
                    "height": 240.5,
                    "width": 280
                },
                "inputs": {
                    "action": "NllrADB26v",
                    "channel": "s1EXniZlWc",
                    "text": "L3UIfHrQzX",
                    "embed": "uFXOeRfK7H",
                    "attachment": "HyzSohVnjb",
                    "split_message": "3U9ynOzyXw"
                },
                "outputs": {
                    "action": [],
                    "message": []
                },
                "options": {}
            },
            {
                "name": "text",
                "info": {
                    "x": 2722,
                    "y": 824,
                    "z": 8,
                    "color": "#5a5a5a",
                    "height": 120,
                    "width": 296
                },
                "options": {
                    "text": "User Softbanned"
                },
                "outputs": {
                    "text": [
                        "L3UIfHrQzX"
                    ]
                },
                "inputs": {}
            }
        ],
        "notes": []
    },
    {
        "info": {
            "title": "Kick Command",
            "description": "",
            "thumbnail": "https://wallpapersafari.com/w/Vfvihk"
        },
        "blocks": [
            {
                "name": "command_event",
                "info": {
                    "x": 384,
                    "y": 274,
                    "z": 1,
                    "color": "#5a5a5a",
                    "height": 269.5,
                    "width": 759
                },
                "inputs": {
                    "command_name": "MUhov0xGmY",
                    "custom_prefix": "Dk264M4fcr",
                    "command_slowmode": "kmbfdSgz2W"
                },
                "options": {
                    "command_restriction": "server_only",
                    "required_member_permission": "kick_members",
                    "case_sensitive": "no",
                    "command_slowmode_restriction": "channel"
                },
                "outputs": {
                    "action1": [
                        "M9PwQGr4hs"
                    ],
                    "action2": [],
                    "message": [
                        "mSe2TA2zQa"
                    ],
                    "channel": [
                        "y8VT6aKEKM"
                    ],
                    "user": [],
                    "error_message": []
                }
            },
            {
                "name": "text",
                "info": {
                    "x": 48,
                    "y": 281,
                    "z": 2,
                    "color": "#5a5a5a",
                    "height": 120,
                    "width": 296
                },
                "options": {
                    "text": "kick"
                },
                "outputs": {
                    "text": [
                        "MUhov0xGmY"
                    ]
                },
                "inputs": {}
            },
            {
                "name": "get_message_arguments",
                "info": {
                    "x": 1281,
                    "y": 292,
                    "z": 3,
                    "color": "#5a5a5a",
                    "height": 242,
                    "width": 456
                },
                "inputs": {
                    "action": "M9PwQGr4hs",
                    "message": "mSe2TA2zQa",
                    "argument_number": "4SvU96Bra2",
                    "custom_argument_separator": "QpjgALEARb"
                },
                "options": {
                    "argument_type": "mentioned_member"
                },
                "outputs": {
                    "action": [
                        "67DdhsN8xA"
                    ],
                    "result": [
                        "I7o9u0hkZl"
                    ]
                }
            },
            {
                "name": "kick_member",
                "info": {
                    "x": 1795,
                    "y": 289,
                    "z": 5,
                    "color": "#5a5a5a",
                    "height": 146,
                    "width": 225
                },
                "inputs": {
                    "action": "67DdhsN8xA",
                    "member": "I7o9u0hkZl",
                    "reason": "dKDwaU3ht8"
                },
                "outputs": {
                    "action": [
                        "fYvjNN5yco"
                    ]
                },
                "options": {}
            },
            {
                "name": "send_message",
                "info": {
                    "x": 2259,
                    "y": 290,
                    "z": 6,
                    "color": "#5a5a5a",
                    "height": 240.5,
                    "width": 280
                },
                "inputs": {
                    "action": "fYvjNN5yco",
                    "channel": "y8VT6aKEKM",
                    "text": "cXvCAq4Dpe",
                    "embed": "W3doSiJzHA",
                    "attachment": "MdKky7T3Mi",
                    "split_message": "MwzZbNs3N0"
                },
                "outputs": {
                    "action": [],
                    "message": []
                },
                "options": {}
            },
            {
                "name": "text",
                "info": {
                    "x": 1796,
                    "y": 472,
                    "z": 7,
                    "color": "#5a5a5a",
                    "height": 120,
                    "width": 296
                },
                "options": {
                    "text": "User Successfully Kicked"
                },
                "outputs": {
                    "text": [
                        "cXvCAq4Dpe"
                    ]
                },
                "inputs": {}
            }
        ],
        "notes": []
    },
    {
        "info": {
            "title": "Ban Command",
            "description": "",
            "thumbnail": "https://wallpapersafari.com/w/Vfvihk"
        },
        "blocks": [
            {
                "name": "command_event",
                "info": {
                    "x": 791,
                    "y": 933,
                    "z": 1,
                    "color": "#5a5a5a",
                    "height": 269.5,
                    "width": 759
                },
                "inputs": {
                    "command_name": "ylUWw9B1TQ",
                    "custom_prefix": "hB1EeAO2s6",
                    "command_slowmode": "zGfkXpYsHx"
                },
                "options": {
                    "command_restriction": "server_only",
                    "required_member_permission": "ban_members",
                    "case_sensitive": "no",
                    "command_slowmode_restriction": "channel"
                },
                "outputs": {
                    "action1": [
                        "JRDCBY7U7I"
                    ],
                    "action2": [],
                    "message": [
                        "gUKVNkRr3M",
                        "fPGC2q0Qqm"
                    ],
                    "channel": [
                        "eHW6xOOVYX"
                    ],
                    "user": [],
                    "error_message": []
                }
            },
            {
                "name": "text",
                "info": {
                    "x": 434,
                    "y": 906,
                    "z": 2,
                    "color": "#5a5a5a",
                    "height": 120,
                    "width": 296
                },
                "options": {
                    "text": "ban"
                },
                "outputs": {
                    "text": [
                        "ylUWw9B1TQ"
                    ]
                },
                "inputs": {}
            },
            {
                "name": "ban_user",
                "info": {
                    "x": 2372,
                    "y": 963,
                    "z": 3,
                    "color": "#5a5a5a",
                    "height": 379.5,
                    "width": 275
                },
                "inputs": {
                    "action": "z6dfDmnfzp",
                    "server": "wRlbT60fOq",
                    "target": "cp9lrjgl8y",
                    "delete_user_message_history": "vjA03TDxsC",
                    "time": "u9NyuNEVKa",
                    "reason1": "rslWd7juEY",
                    "reason2": "sJo3X1OFAG"
                },
                "outputs": {
                    "action": [
                        "NEkm7cuaZ2"
                    ]
                },
                "options": {}
            },
            {
                "name": "get_message_info",
                "info": {
                    "x": 1641,
                    "y": 1123,
                    "z": 5,
                    "color": "#5a5a5a",
                    "height": 114.5,
                    "width": 653
                },
                "inputs": {
                    "action": "rH1rXjJe8P",
                    "message": "gUKVNkRr3M"
                },
                "options": {
                    "message_info": "13"
                },
                "outputs": {
                    "action": [
                        "z6dfDmnfzp"
                    ],
                    "result": [
                        "wRlbT60fOq"
                    ]
                }
            },
            {
                "name": "get_message_arguments",
                "info": {
                    "x": 1773,
                    "y": 609,
                    "z": 6,
                    "color": "#5a5a5a",
                    "height": 242,
                    "width": 456
                },
                "inputs": {
                    "action": "JRDCBY7U7I",
                    "message": "fPGC2q0Qqm",
                    "argument_number": "Mpw3HuwErl",
                    "custom_argument_separator": "XnAvZA8UIo"
                },
                "options": {
                    "argument_type": "mentioned_user"
                },
                "outputs": {
                    "action": [
                        "rH1rXjJe8P"
                    ],
                    "result": [
                        "cp9lrjgl8y"
                    ]
                }
            },
            {
                "name": "send_message",
                "info": {
                    "x": 2875,
                    "y": 1603,
                    "z": 7,
                    "color": "#5a5a5a",
                    "height": 240.5,
                    "width": 280
                },
                "inputs": {
                    "action": "NEkm7cuaZ2",
                    "channel": "eHW6xOOVYX",
                    "text": "Mc1jweDzoF",
                    "embed": "0z5WzkKsXu",
                    "attachment": "7G8zoZDmQ8",
                    "split_message": "JOqXgkMvRI"
                },
                "outputs": {
                    "action": [],
                    "message": []
                },
                "options": {}
            },
            {
                "name": "text",
                "info": {
                    "x": 2427,
                    "y": 1721,
                    "z": 8,
                    "color": "#5a5a5a",
                    "height": 120,
                    "width": 296
                },
                "options": {
                    "text": "User Successfully Banned"
                },
                "outputs": {
                    "text": [
                        "Mc1jweDzoF"
                    ]
                },
                "inputs": {}
            }
        ],
        "notes": []
    }
]